Workbook

Sheet 案件条件
A1: 案件条件
A2: 案件の範囲・期間と工数換算の条件を記入します。
A3: 項目例: ProjectID、Scope、StartDate、DueDate、HoursPerDay、Synthetic
A4: 項目 | B4: 設定値 | C4: 説明
A5: ProjectID | B5: SYNTHETIC-001 | C5: 合成データによる操作試行
A6: Scope | B6: Customer-AのWarning判定変更 | C6: 実機への接続・実装作業は行わない
A7: StartDate | B7: 2026-09-07 | C7: 計画開始可能日
A8: DueDate | B8: 2026-09-25 | C8: 計画納期
A9: HoursPerDay | B9: 8 | C9: 人日表示時の換算条件
A10: Synthetic | B10: Yes | C10: 工数・要員・日程は検証用の架空値

Sheet 入力資料
A1: 入力資料
A2: 要求の根拠となる資料を登録します。
A3: Excel は対象シートと範囲を指定します。資料IDは重複させません。
A4: 資料ID | B4: 資料パス | C4: 形式 | D4: シート | E4: 範囲
A5: DOC-001 | B5: ../../../demo/inputs/requirements-demo.docx | C5: DOCX
A6: QA-001 | B6: ../../../demo/inputs/qa-demo.xlsx | C6: XLSX | D6: QA | E6: A1:B6

Sheet 見積基準
A1: 見積基準
A2: 工程別の単位工数と、その根拠を記入します。
A3: 工数の単位は人時です。暫定の基準は Provisional を Yes にします。
A4: 基準ID | B4: 工程 | C4: 単位工数（人時） | D4: 根拠 | E4: 暫定
A5: STD-01 | B5: 設計 | C5: 4 | D5: 合成の参照工数。実績値ではない。 | E5: Yes
A6: STD-02 | B6: 実装 | C6: 6 | D6: 合成の参照工数。実案件への転用不可。 | E6: Yes
A7: STD-03 | B7: 試験 | C7: 4 | D7: 合成の参照工数。実績値ではない。 | E7: Yes

Sheet 要求台帳
A1: 要求台帳
A2: 資料の出典位置、要求の解釈、受入条件を記入します。
A3: 未確認の内容は確認事項に記録し、要求IDで結び付けます。
A4: 要求ID | B4: 資料ID | C4: 出典位置 | D4: 要求の解釈 | E4: 受入条件 | F4: 確認状況
A5: REQ-001 | B5: DOC-001 | C5: paragraph:3 | D5: warm-up中のWarning抑止と連続超過回数リセット | E5: warm-up中はWarningにならず回数がリセットされる | F5: Resolved
A6: REQ-002 | B6: DOC-001 | C6: paragraph:4 | D6: 8,000μs以上が3周期連続した場合にWarningへ遷移 | E6: 8,000を含み3周期で遷移する | F6: Resolved
A7: REQ-003 | B7: DOC-001 | C7: paragraph:5 | D7: 8,000μs未満で直ちにNormalへ戻し回数をリセット | E7: 7,999でNormalとなり回数が0になる | F7: Resolved

Sheet 要員
A1: 要員
A2: 要員ごとの担当可能工程とスキルを記入します。
A3: 複数の工程・スキルは半角セミコロン（;）で区切ります。
A4: 要員ID | B4: 表示名 | C4: 担当可能工程 | D4: スキル
A5: 001 | B5: 合成要員A | C5: 調査;設計;実装 | D5: VC6;既存コード
A6: 002 | B6: 合成要員B | C6: レビュー;試験 | D6: 設計レビュー;試験設計
A7: 003 | B7: 合成要員C | C7: 試験;リリース | D7: 回帰試験;手順書

Sheet 日別稼働
A1: 日別稼働
A2: 要員・日付ごとの利用可能時間を人時で記入します。
A3: 稼働できない日は 0、未確認の日は空欄にします。未登録日は未確認です。
A4: 要員ID | B4: 日付 | C4: 利用可能時間
A5: 001 | B5: 46272 | C5: 6
A6: 002 | B6: 46272 | C6: 6
A7: 003 | B7: 46272 | C7: 6
A8: 001 | B8: 46273 | C8: 4
A9: 002 | B9: 46273 | C9: 6
A10: 003 | B10: 46273 | C10: 6
A11: 001 | B11: 46274 | C11: 6
A12: 002 | B12: 46274 | C12: 6
A13: 003 | B13: 46274 | C13: 6
A14: 001 | B14: 46275 | C14: 6
A15: 002 | B15: 46275 | C15: 6
A16: 003 | B16: 46275 | C16: 6
... A61: 003 | B61: 46290 | C61: 6

Sheet 作業台帳
A1: 作業台帳
A2: 要求を作業に分解し、成果物・完了条件・見積根拠を記入します。
A3: 末端作業に担当者を1名設定します。親作業の工数・担当者は空欄にします。
A4: 作業ID | B4: 親作業ID | C4: 要求ID一覧 | D4: 作業名 | E4: 工程 | F4: 成果物 | G4: 完了条件 | H4: 見積工数（人時） | I4: 見積根拠 | J4: 担当要員ID | K4: 開始日 | L4: 終了日 | M4: 先行作業ID一覧 | N4: 確認状況
A5: P-001 | C5: REQ-001;REQ-002;REQ-003 | D5: Warning判定変更 | N5: Draft
A6: T-001 | B6: P-001 | C6: REQ-001;REQ-002;REQ-003 | D6: 要求・QAの整理 | E6: 調査 | F6: 要求整理表 | G6: 対象要求との対応を確認し記録を残す | H6: 2 | I6: 合成参照値。生産性・実績を表さない。 | J6: 001 | K6: 46272 | L6: 46272 | N6: Draft
A7: T-002 | B7: P-001 | C7: REQ-001;REQ-002;REQ-003 | D7: 変更設計 | E7: 設計 | F7: 変更設計書 | G7: 対象要求との対応を確認し記録を残す | H7: 4 | I7: 合成参照値。生産性・実績を表さない。 | J7: 001 | K7: 46273 | L7: 46273 | M7: T-001 | N7: Draft
A8: T-003 | B8: P-001 | C8: REQ-001;REQ-002;REQ-003 | D8: 設計レビュー | E8: レビュー | F8: レビュー記録 | G8: 対象要求との対応を確認し記録を残す | H8: 2 | I8: 合成参照値。生産性・実績を表さない。 | J8: 002 | K8: 46274 | L8: 46274 | M8: T-002 | N8: Draft
A9: T-004 | B9: P-001 | C9: REQ-001;REQ-002;REQ-003 | D9: 判定ロジックの実装 | E9: 実装 | F9: 変更コード | G9: 対象要求との対応を確認し記録を残す | H9: 6 | I9: 合成参照値。生産性・実績を表さない。 | J9: 001 | K9: 46275 | L9: 46275 | M9: T-003 | N9: Draft
A10: T-005 | B10: P-001 | C10: REQ-001;REQ-002;REQ-003 | D10: コードレビュー | E10: レビュー | F10: コードレビュー記録 | G10: 対象要求との対応を確認し記録を残す | H10: 2 | I10: 合成参照値。生産性・実績を表さない。 | J10: 002 | K10: 46279 | L10: 46279 | M10: T-004 | N10: Draft
A11: T-006 | B11: P-001 | C11: REQ-001;REQ-002;REQ-003 | D11: 境界値試験 | E11: 試験 | F11: 境界値試験記録 | G11: 対象要求との対応を確認し記録を残す | H11: 4 | I11: 合成参照値。生産性・実績を表さない。 | J11: 002 | K11: 46280 | L11: 46280 | M11: T-005 | N11: Draft
A12: T-007 | B12: P-001 | C12: REQ-001;REQ-002;REQ-003 | D12: 回帰試験 | E12: 試験 | F12: 回帰試験記録 | G12: 対象要求との対応を確認し記録を残す | H12: 4 | I12: 合成参照値。生産性・実績を表さない。 | J12: 003 | K12: 46281 | L12: 46282 | M12: T-006 | N12: Draft
A13: T-008 | B13: P-001 | C13: REQ-001;REQ-002;REQ-003 | D13: リリース手順と管理資料整理 | E13: リリース | F13: 手順書 | G13: 対象要求との対応を確認し記録を残す | H13: 2 | I13: 合成参照値。生産性・実績を表さない。 | J13: 003 | K13: 46283 | L13: 46283 | M13: T-007 | N13: Draft

Sheet 日別配分
A1: 日別配分
A2: 末端作業の日別配分を人時で記入します。
A3: 作業ごとの配分合計を見積工数に合わせます。日付は yyyy-mm-dd です。
A4: 作業ID | B4: 日付 | C4: 配分時間
A5: T-001 | B5: 46272 | C5: 2
A6: T-002 | B6: 46273 | C6: 4
A7: T-003 | B7: 46274 | C7: 2
A8: T-004 | B8: 46275 | C8: 6
A9: T-005 | B9: 46279 | C9: 2
A10: T-006 | B10: 46280 | C10: 4
A11: T-007 | B11: 46281 | C11: 2
A12: T-007 | B12: 46282 | C12: 2
A13: T-008 | B13: 46283 | C13: 2

Sheet 確認事項
A1: 確認事項
A2: 要求・作業の不明点と、確認後の対応内容を記入します。
A3: 未解決事項は残して管理し、推測で確定値を埋めません。
A4: 確認ID | B4: 要求・作業ID | C4: 確認内容 | D4: 状態 | E4: 対応内容

Sheet 見積表
A1: 見積表
A2: 作業台帳から作成する見積の一覧です。
A3: 親作業は末端作業を集計します。未確定の工数を含む合計は空欄です。
A4: 作業ID | B4: 作業名 | C4: 工程 | D4: 工数（人時） | E4: 根拠 | F4: 集計行
A5: P-001 | B5: Warning判定変更 | D5: =IF(COUNT(INDEX(見積表!$D$5:$D$13,MATCH("T-001",見積表!$A$5:$A$13,0)),INDEX(見積表!$D$5:$D$13,MATCH("T-002",見積表!$A$5:$A$13,0)),INDEX(見積表!$D$5:$D$13,MATCH("T-003",見積表!$A$5:$A$13,0)),INDEX(見積表!$D$5:$D$13,MATCH("T-004",見積表!$A$5:$A$13,0)),INDEX(見積表!$D$5:$D$13,MATCH("T-005",見積表!$A$5:$A$13,0)),INDEX(見積表!$D$5:$D$13,MATCH("T-006",見積表!$A$5:$A$13,0)),INDEX(見積表!$D$5:$D$13,MATCH("T-007",見積表!$A$5:$A$13,0)),INDEX(見積表!$D$5:$D$13,MATCH("T-008",見積表!$A$5:$A$13,0)))=8,SUM(INDEX(見積表!$D$5:$D$13,MATCH("T-001",見積表!$A$5:$A$13,0)),INDEX(見積表!$D$5:$D$13,MATCH("T-002",見積表!$A$5:$A$13,0)),INDEX(見積表!$D$5:$D$13,MATCH("T-003",見積表!$A$5:$A$13,0)),INDEX(見積表!$D$5:$D$13,MATCH("T-004",見積表!$A$5:$A$13,0)),INDEX(見積表!$D$5:$D$13,MATCH("T-005",見積表!$A$5:$A$13,0)),INDEX(見積表!$D$5:$D$13,MATCH("T-006",見積表!$A$5:$A$13,0)),INDEX(見積表!$D$5:$D$13,MATCH("T-007",見積表!$A$5:$A$13,0)),INDEX(見積表!$D$5:$D$13,MATCH("T-008",見積表!$A$5:$A$13,0))),"") -> 26 | F5: Yes
A6: T-001 | B6: 要求・QAの整理 | C6: 調査 | D6: =IF(COUNT(INDEX(作業台帳!$H$5:$H$13,MATCH(A6,作業台帳!$A$5:$A$13,0)))=1,INDEX(作業台帳!$H$5:$H$13,MATCH(A6,作業台帳!$A$5:$A$13,0)),"") -> 2 | E6: 合成参照値。生産性・実績を表さない。 | F6: No
A7: T-002 | B7: 変更設計 | C7: 設計 | D7: =IF(COUNT(INDEX(作業台帳!$H$5:$H$13,MATCH(A7,作業台帳!$A$5:$A$13,0)))=1,INDEX(作業台帳!$H$5:$H$13,MATCH(A7,作業台帳!$A$5:$A$13,0)),"") -> 4 | E7: 合成参照値。生産性・実績を表さない。 | F7: No
A8: T-003 | B8: 設計レビュー | C8: レビュー | D8: =IF(COUNT(INDEX(作業台帳!$H$5:$H$13,MATCH(A8,作業台帳!$A$5:$A$13,0)))=1,INDEX(作業台帳!$H$5:$H$13,MATCH(A8,作業台帳!$A$5:$A$13,0)),"") -> 2 | E8: 合成参照値。生産性・実績を表さない。 | F8: No
A9: T-004 | B9: 判定ロジックの実装 | C9: 実装 | D9: =IF(COUNT(INDEX(作業台帳!$H$5:$H$13,MATCH(A9,作業台帳!$A$5:$A$13,0)))=1,INDEX(作業台帳!$H$5:$H$13,MATCH(A9,作業台帳!$A$5:$A$13,0)),"") -> 6 | E9: 合成参照値。生産性・実績を表さない。 | F9: No
A10: T-005 | B10: コードレビュー | C10: レビュー | D10: =IF(COUNT(INDEX(作業台帳!$H$5:$H$13,MATCH(A10,作業台帳!$A$5:$A$13,0)))=1,INDEX(作業台帳!$H$5:$H$13,MATCH(A10,作業台帳!$A$5:$A$13,0)),"") -> 2 | E10: 合成参照値。生産性・実績を表さない。 | F10: No
A11: T-006 | B11: 境界値試験 | C11: 試験 | D11: =IF(COUNT(INDEX(作業台帳!$H$5:$H$13,MATCH(A11,作業台帳!$A$5:$A$13,0)))=1,INDEX(作業台帳!$H$5:$H$13,MATCH(A11,作業台帳!$A$5:$A$13,0)),"") -> 4 | E11: 合成参照値。生産性・実績を表さない。 | F11: No
A12: T-007 | B12: 回帰試験 | C12: 試験 | D12: =IF(COUNT(INDEX(作業台帳!$H$5:$H$13,MATCH(A12,作業台帳!$A$5:$A$13,0)))=1,INDEX(作業台帳!$H$5:$H$13,MATCH(A12,作業台帳!$A$5:$A$13,0)),"") -> 4 | E12: 合成参照値。生産性・実績を表さない。 | F12: No
A13: T-008 | B13: リリース手順と管理資料整理 | C13: リリース | D13: =IF(COUNT(INDEX(作業台帳!$H$5:$H$13,MATCH(A13,作業台帳!$A$5:$A$13,0)))=1,INDEX(作業台帳!$H$5:$H$13,MATCH(A13,作業台帳!$A$5:$A$13,0)),"") -> 2 | E13: 合成参照値。生産性・実績を表さない。 | F13: No

Sheet WBS
A1: WBS
A2: 要求、作業の階層、成果物、担当者と日程を確認します。
A3: 作業台帳を更新してから再出力します。親作業の日程は末端作業から集計します。
A4: 作業ID | B4: 親作業ID | C4: 要求ID一覧 | D4: 作業名 | E4: 成果物 | F4: 工数（人時） | G4: 担当要員ID | H4: 開始日 | I4: 終了日 | J4: 先行作業ID一覧
A5: P-001 | C5: REQ-001;REQ-002;REQ-003 | D5: Warning判定変更 | F5: =IF(COUNT(INDEX(見積表!$D$5:$D$13,MATCH(A5,見積表!$A$5:$A$13,0)))=1,INDEX(見積表!$D$5:$D$13,MATCH(A5,見積表!$A$5:$A$13,0)),"") -> 26 | H5: 46272 | I5: 46283
A6: T-001 | B6: P-001 | C6: REQ-001;REQ-002;REQ-003 | D6: 要求・QAの整理 | E6: 要求整理表 | F6: =IF(COUNT(INDEX(見積表!$D$5:$D$13,MATCH(A6,見積表!$A$5:$A$13,0)))=1,INDEX(見積表!$D$5:$D$13,MATCH(A6,見積表!$A$5:$A$13,0)),"") -> 2 | G6: 001 | H6: 46272 | I6: 46272
A7: T-002 | B7: P-001 | C7: REQ-001;REQ-002;REQ-003 | D7: 変更設計 | E7: 変更設計書 | F7: =IF(COUNT(INDEX(見積表!$D$5:$D$13,MATCH(A7,見積表!$A$5:$A$13,0)))=1,INDEX(見積表!$D$5:$D$13,MATCH(A7,見積表!$A$5:$A$13,0)),"") -> 4 | G7: 001 | H7: 46273 | I7: 46273 | J7: T-001
A8: T-003 | B8: P-001 | C8: REQ-001;REQ-002;REQ-003 | D8: 設計レビュー | E8: レビュー記録 | F8: =IF(COUNT(INDEX(見積表!$D$5:$D$13,MATCH(A8,見積表!$A$5:$A$13,0)))=1,INDEX(見積表!$D$5:$D$13,MATCH(A8,見積表!$A$5:$A$13,0)),"") -> 2 | G8: 002 | H8: 46274 | I8: 46274 | J8: T-002
A9: T-004 | B9: P-001 | C9: REQ-001;REQ-002;REQ-003 | D9: 判定ロジックの実装 | E9: 変更コード | F9: =IF(COUNT(INDEX(見積表!$D$5:$D$13,MATCH(A9,見積表!$A$5:$A$13,0)))=1,INDEX(見積表!$D$5:$D$13,MATCH(A9,見積表!$A$5:$A$13,0)),"") -> 6 | G9: 001 | H9: 46275 | I9: 46275 | J9: T-003
A10: T-005 | B10: P-001 | C10: REQ-001;REQ-002;REQ-003 | D10: コードレビュー | E10: コードレビュー記録 | F10: =IF(COUNT(INDEX(見積表!$D$5:$D$13,MATCH(A10,見積表!$A$5:$A$13,0)))=1,INDEX(見積表!$D$5:$D$13,MATCH(A10,見積表!$A$5:$A$13,0)),"") -> 2 | G10: 002 | H10: 46279 | I10: 46279 | J10: T-004
A11: T-006 | B11: P-001 | C11: REQ-001;REQ-002;REQ-003 | D11: 境界値試験 | E11: 境界値試験記録 | F11: =IF(COUNT(INDEX(見積表!$D$5:$D$13,MATCH(A11,見積表!$A$5:$A$13,0)))=1,INDEX(見積表!$D$5:$D$13,MATCH(A11,見積表!$A$5:$A$13,0)),"") -> 4 | G11: 002 | H11: 46280 | I11: 46280 | J11: T-005
A12: T-007 | B12: P-001 | C12: REQ-001;REQ-002;REQ-003 | D12: 回帰試験 | E12: 回帰試験記録 | F12: =IF(COUNT(INDEX(見積表!$D$5:$D$13,MATCH(A12,見積表!$A$5:$A$13,0)))=1,INDEX(見積表!$D$5:$D$13,MATCH(A12,見積表!$A$5:$A$13,0)),"") -> 4 | G12: 003 | H12: 46281 | I12: 46282 | J12: T-006
A13: T-008 | B13: P-001 | C13: REQ-001;REQ-002;REQ-003 | D13: リリース手順と管理資料整理 | E13: 手順書 | F13: =IF(COUNT(INDEX(見積表!$D$5:$D$13,MATCH(A13,見積表!$A$5:$A$13,0)))=1,INDEX(見積表!$D$5:$D$13,MATCH(A13,見積表!$A$5:$A$13,0)),"") -> 2 | G13: 003 | H13: 46283 | I13: 46283 | J13: T-007

Sheet 要員スケジュール
A1: 要員スケジュール
A2: 日別の作業配分と担当者の利用可能時間を確認します。
A3: 利用可能時間が空欄の日は未確認です。過配分は点検結果で確認します。
A4: 作業ID | B4: 担当要員ID | C4: 日付 | D4: 配分時間 | E4: 担当者の日計 | F4: 利用可能時間
A5: T-001 | B5: 001 | C5: 46272 | D5: 2 | E5: =SUMIFS(D$5:D$13,B$5:B$13,B5,C$5:C$13,C5) -> 2 | F5: 6
A6: T-002 | B6: 001 | C6: 46273 | D6: 4 | E6: =SUMIFS(D$5:D$13,B$5:B$13,B6,C$5:C$13,C6) -> 4 | F6: 4
A7: T-003 | B7: 002 | C7: 46274 | D7: 2 | E7: =SUMIFS(D$5:D$13,B$5:B$13,B7,C$5:C$13,C7) -> 2 | F7: 6
A8: T-004 | B8: 001 | C8: 46275 | D8: 6 | E8: =SUMIFS(D$5:D$13,B$5:B$13,B8,C$5:C$13,C8) -> 6 | F8: 6
A9: T-005 | B9: 002 | C9: 46279 | D9: 2 | E9: =SUMIFS(D$5:D$13,B$5:B$13,B9,C$5:C$13,C9) -> 2 | F9: 6
A10: T-006 | B10: 002 | C10: 46280 | D10: 4 | E10: =SUMIFS(D$5:D$13,B$5:B$13,B10,C$5:C$13,C10) -> 4 | F10: 6
A11: T-007 | B11: 003 | C11: 46281 | D11: 2 | E11: =SUMIFS(D$5:D$13,B$5:B$13,B11,C$5:C$13,C11) -> 2 | F11: 6
A12: T-007 | B12: 003 | C12: 46282 | D12: 2 | E12: =SUMIFS(D$5:D$13,B$5:B$13,B12,C$5:C$13,C12) -> 2 | F12: 6
A13: T-008 | B13: 003 | C13: 46283 | D13: 2 | E13: =SUMIFS(D$5:D$13,B$5:B$13,B13,C$5:C$13,C13) -> 2 | F13: 6

Sheet Redmine転記
A1: Redmine転記
A2: Redmine に転記する内容の確認用一覧です。
A3: 作業ID・親作業IDは内部IDです。転記前に点検結果と確認事項を確認します。
A4: 内部作業ID | B4: 内部親作業ID | C4: 件名 | D4: 説明・完了条件 | E4: 予定工数（人時） | F4: 担当要員ID | G4: 開始日 | H4: 期日 | I4: 要求ID一覧
A5: P-001 | C5: Warning判定変更 | D5: Requirements: REQ-001;REQ-002;REQ-003_x000D_ Deliverable: _x000D_ Acceptance: _x000D_ Estimate basis: _x000D_ Internal predecessor task IDs: | G5: 46272 | H5: 46283 | I5: REQ-001;REQ-002;REQ-003
A6: T-001 | B6: P-001 | C6: 要求・QAの整理 | D6: Requirements: REQ-001;REQ-002;REQ-003_x000D_ Deliverable: 要求整理表_x000D_ Acceptance: 対象要求との対応を確認し記録を残す_x000D_ Estimate basis: 合成参照値。生産性・実績を表さない。_x000D_ Internal predecessor task IDs: | E6: 2 | F6: 001 | G6: 46272 | H6: 46272 | I6: REQ-001;REQ-002;REQ-003
A7: T-002 | B7: P-001 | C7: 変更設計 | D7: Requirements: REQ-001;REQ-002;REQ-003_x000D_ Deliverable: 変更設計書_x000D_ Acceptance: 対象要求との対応を確認し記録を残す_x000D_ Estimate basis: 合成参照値。生産性・実績を表さない。_x000D_ Internal predecessor task IDs: T-001 | E7: 4 | F7: 001 | G7: 46273 | H7: 46273 | I7: REQ-001;REQ-002;REQ-003
A8: T-003 | B8: P-001 | C8: 設計レビュー | D8: Requirements: REQ-001;REQ-002;REQ-003_x000D_ Deliverable: レビュー記録_x000D_ Acceptance: 対象要求との対応を確認し記録を残す_x000D_ Estimate basis: 合成参照値。生産性・実績を表さない。_x000D_ Internal predecessor task IDs: T-002 | E8: 2 | F8: 002 | G8: 46274 | H8: 46274 | I8: REQ-001;REQ-002;REQ-003
A9: T-004 | B9: P-001 | C9: 判定ロジックの実装 | D9: Requirements: REQ-001;REQ-002;REQ-003_x000D_ Deliverable: 変更コード_x000D_ Acceptance: 対象要求との対応を確認し記録を残す_x000D_ Estimate basis: 合成参照値。生産性・実績を表さない。_x000D_ Internal predecessor task IDs: T-003 | E9: 6 | F9: 001 | G9: 46275 | H9: 46275 | I9: REQ-001;REQ-002;REQ-003
A10: T-005 | B10: P-001 | C10: コードレビュー | D10: Requirements: REQ-001;REQ-002;REQ-003_x000D_ Deliverable: コードレビュー記録_x000D_ Acceptance: 対象要求との対応を確認し記録を残す_x000D_ Estimate basis: 合成参照値。生産性・実績を表さない。_x000D_ Internal predecessor task IDs: T-004 | E10: 2 | F10: 002 | G10: 46279 | H10: 46279 | I10: REQ-001;REQ-002;REQ-003
A11: T-006 | B11: P-001 | C11: 境界値試験 | D11: Requirements: REQ-001;REQ-002;REQ-003_x000D_ Deliverable: 境界値試験記録_x000D_ Acceptance: 対象要求との対応を確認し記録を残す_x000D_ Estimate basis: 合成参照値。生産性・実績を表さない。_x000D_ Internal predecessor task IDs: T-005 | E11: 4 | F11: 002 | G11: 46280 | H11: 46280 | I11: REQ-001;REQ-002;REQ-003
A12: T-007 | B12: P-001 | C12: 回帰試験 | D12: Requirements: REQ-001;REQ-002;REQ-003_x000D_ Deliverable: 回帰試験記録_x000D_ Acceptance: 対象要求との対応を確認し記録を残す_x000D_ Estimate basis: 合成参照値。生産性・実績を表さない。_x000D_ Internal predecessor task IDs: T-006 | E12: 4 | F12: 003 | G12: 46281 | H12: 46282 | I12: REQ-001;REQ-002;REQ-003
A13: T-008 | B13: P-001 | C13: リリース手順と管理資料整理 | D13: Requirements: REQ-001;REQ-002;REQ-003_x000D_ Deliverable: 手順書_x000D_ Acceptance: 対象要求との対応を確認し記録を残す_x000D_ Estimate basis: 合成参照値。生産性・実績を表さない。_x000D_ Internal predecessor task IDs: T-007 | E13: 2 | F13: 003 | G13: 46283 | H13: 46283 | I13: REQ-001;REQ-002;REQ-003

Sheet 点検結果
A1: 点検結果
A2: 入力の不足、参照の不整合、日程と配分の問題を確認します。
A3: Error は修正対象、Warning は未確認・要確認です。再点検して結果を更新します。
A4: 重要度 | B4: 検出内容 | C4: 対象 | D4: 項目 | E4: 説明
A5: Info | B5: PROVISIONAL_STANDARD | C5: STD-01 | D5: Provisional | E5: Reference hours are provisional; synthetic hours are not production evidence.
A6: Info | B6: PROVISIONAL_STANDARD | C6: STD-02 | D6: Provisional | E6: Reference hours are provisional; synthetic hours are not production evidence.
A7: Info | B7: PROVISIONAL_STANDARD | C7: STD-03 | D7: Provisional | E7: Reference hours are provisional; synthetic hours are not production evidence.
